SIS,SSIM,MS_SSIM,ID
2.965604e-08,0.20074287,0.81407475,4
2.176607e-08,0.4014286,0.915537,10
5.2298926e-08,0.66372085,0.9729552,1
3.6875527e-08,0.21683095,0.7333509,7
2.9999832e-08,0.14393587,0.8109875,8
3.1512354e-08,0.20506369,0.81672776,3
3.827508e-08,0.11640832,0.65530413,2
3.0977265e-08,0.49202126,0.91109705,6
