SIS,SSIM,MS_SSIM,ID
3.32836e-08,0.5891195,0.7543627,7
4.3325333e-08,0.69465864,0.9827926,3
1.1415234e-07,0.9661939,0.9979264,1
3.4677413e-08,0.5672196,0.7676605,2
2.62028e-08,0.85470355,0.9887403,10
4.209329e-08,0.60626173,0.97619146,4
3.694026e-08,0.6225594,0.97841674,8
4.941315e-08,0.87156016,0.99117583,6
