SIS,SSIM,MS_SSIM,ID
4.200506e-08,0.06641401,0.6761239,2
1.8857014e-08,0.07633928,0.42320028,8
1.7467126e-08,0.11366593,0.68319774,4
4.041317e-08,0.13256165,0.46001494,7
2.0957927e-08,0.21175374,0.54438204,6
1.6422383e-08,0.11446174,0.63351923,10
1.8069443e-08,0.12697841,0.7275388,3
2.5731065e-08,0.35456342,0.8331535,1
