SIS,SSIM,MS_SSIM,ID
4.0698026e-08,0.25123978,0.90989566,6
3.4163826e-08,0.6750152,0.92018473,4
3.567322e-08,0.6584686,0.91562045,3
8.2675335e-08,0.618783,0.9731666,1
3.3448547e-08,0.4702636,0.7676806,7
3.4305582e-08,0.6243517,0.9295867,8
2.5707264e-08,0.18765642,0.8934885,10
3.4792393e-08,0.15179881,0.70821947,2
