SIS,SSIM,MS_SSIM,ID
2.8791156e-08,0.16618915,0.6725053,2
3.095419e-08,0.25591487,0.84043694,3
2.1095493e-08,0.4952799,0.9388725,10
2.7716254e-08,0.25669724,0.7592787,7
3.2450217e-08,0.57684743,0.94026214,6
2.9789943e-08,0.18423367,0.8578228,8
2.7955362e-08,0.24444228,0.84589607,4
5.8229247e-08,0.7940176,0.98566157,1
