SIS,SSIM,MS_SSIM,ID
1.9358103e-08,0.07105998,0.7420591,10
4.8383544e-08,0.2096351,0.63539505,7
2.4032834e-08,0.3596954,0.7786252,8
2.573766e-08,0.10108634,0.73397046,6
2.4818506e-08,0.46640155,0.803043,4
5.0241752e-08,0.08141149,0.6639383,2
2.5644232e-08,0.41929188,0.7782057,3
3.557776e-08,0.1920756,0.8653135,1
