SIS,SSIM,MS_SSIM,ID
3.2329172e-08,0.4031501,0.7608602,7
3.7037754e-08,0.38179058,0.9469263,3
3.676912e-08,0.35497987,0.9396314,4
4.310856e-08,0.7242098,0.9725587,6
9.080087e-08,0.9093321,0.9941721,1
2.714345e-08,0.6574932,0.96601135,10
3.37957e-08,0.33849528,0.94374067,8
3.3643595e-08,0.32783282,0.72224593,2
