SIS,SSIM,MS_SSIM,ID
4.1261043e-08,0.65818554,0.9801324,3
1.0839245e-07,0.96092445,0.9975575,1
3.338399e-08,0.53749454,0.7595177,2
4.0190095e-08,0.56467235,0.9726216,4
3.2048984e-08,0.56589705,0.75816584,7
3.545356e-08,0.57435256,0.974696,8
4.7410595e-08,0.8503371,0.98913527,6
2.5779816e-08,0.82908213,0.9863918,10
