SIS,SSIM,MS_SSIM,ID
2.5965395e-08,0.32110003,0.940956,10
3.4287197e-08,0.83338594,0.9818309,8
3.8620907e-08,0.8618894,0.98643136,3
3.1172856e-08,0.5360021,0.7800627,7
9.727779e-08,0.7644375,0.9860626,1
4.4492197e-08,0.40012506,0.9468486,6
3.245271e-08,0.25075945,0.73171246,2
3.7901064e-08,0.83966506,0.98232627,4
