SIS,SSIM,MS_SSIM,ID
1.0182239e-07,0.80763686,0.9891281,1
2.5680368e-08,0.38531083,0.9517414,10
4.5594472e-08,0.45793426,0.9565782,6
3.1208423e-08,0.54343134,0.77142566,7
3.2500814e-08,0.2963888,0.7474553,2
3.4409048e-08,0.8806078,0.98859614,8
3.8756564e-08,0.87691075,0.9883199,4
3.9619813e-08,0.9068879,0.9915356,3
